crim,zn,chas,nox,rm,age,dis,rad,tax,ptratio,lstat,medv
0.06263,0.0,0,0.573,6.593,69.1,2.4786,1,273,21.0,9.67,22.4
0.04527,0.0,0,0.573,6.12,76.7,2.2875,1,273,21.0,9.08,20.6
0.06076,0.0,0,0.573,6.976,91.0,2.1675,1,273,21.0,5.64,23.9
0.10959,0.0,0,0.573,6.794,89.3,2.3889,1,273,21.0,6.48,22.0
0.04741,0.0,0,0.573,6.03,80.8,2.505,1,273,21.0,7.88,11.9